Workbook

Sheet 営業管理
E2: =COUNTIF(F:F,"送信済み") -> 25
A4: lead_id | B4: 事業者名 | C4: 優先度 | D4: 送信先確認 | E4: 営業文状態 | F4: 進捗ステータス | G4: 送信チャネル | H4: 送信先URL・宛先 | I4: 初回送信日 | J4: 最終接触日 | K4: フォロー予定日 | L4: フォロー判定 | M4: 返信概要 | N4: 次アクション | O4: メモ | P4: 営業文
A5: one-up-fbce262425 | B5: ピラティス&コンディショニングスタジオ ONE UP | C5: high | D5: 確認済み | E5: reviewed | F5: 送信済み | L5: =IF(AND(F5="送信済み",K5<>"",K5<=TODAY()),"要フォロー",IF(OR(F5="返信あり",F5="商談中",F5="見積提出"),"対応中","")) | P5: はじめまして、Web制作をしている鈴木と申します。ONE UP様のサイトで、マシンを使ったプライベートレッスンや少人数制のローラーピラティスを提供されていることを拝見しました。現在のスタジオの雰囲気に合わせて、レッスン内容がより伝わる形にWebサイトを整えることも可能です。デザインから実装、公開まで対応しています。 【サービスサイト・予約機能の制作例】 https://yuto-suzuki-0915-dev-lp-renai.vercel.app 【デザイン・LP制作例】 https://lp-dryer.vercel.app/ よろしければ、まず制作例だけでもご覧いただけますと幸いです。
A6: pilates-natural-rhythm-2808d6843b | B6: Pilates Natural Rhythm | C6: high | D6: 確認済み | E6: reviewed | F6: 送信済み | L6: =IF(AND(F6="送信済み",K6<>"",K6<=TODAY()),"要フォロー",IF(OR(F6="返信あり",F6="商談中",F6="見積提出"),"対応中","")) | P6: はじめまして、Web制作をしている鈴木と申します。Pilates Natural Rhythm様のサイトで、マンツーマンのプライベートセッションを提供されていることを拝見しました。現在のスタジオの雰囲気に合わせて、セッションの内容や流れがより伝わる形にWebサイトを整えることも可能です。デザインから実装、公開まで対応しています。 【サービスサイト・予約機能の制作例】 https://yuto-suzuki-0915-dev-lp-renai.vercel.app 【デザイン・LP制作例】 https://lp-dryer.vercel.app/ よろしければ、まず制作例だけでもご覧いただけますと幸いです。
A7: rebloom-beauty-salon-and-pil-501345b67d | B7: Rebloom BEAUTY SALON AND PILATES ROOM | C7: high | D7: 確認済み | E7: reviewed | F7: 送信済み | L7: =IF(AND(F7="送信済み",K7<>"",K7<=TODAY()),"要フォロー",IF(OR(F7="返信あり",F7="商談中",F7="見積提出"),"対応中","")) | P7: はじめまして、Web制作をしている鈴木と申します。Rebloom BEAUTY SALON AND PILATES ROOM様のホットペッパービューティー掲載で、フェイシャルエステとマシンピラティスを一つのサロンで提供されていることを拝見しました。現在の予約サービスの掲載を活かしながら、エステとピラティスのメニューをまとめた公式サイトの制作も可能です。デザインから実装、公開まで対応しています。 【サービスサイト・予約機能の制作例】 https://yuto-suzuki-0915-dev-lp-renai.vercel.app 【デザイン・LP制作例】 https://lp-dryer.vercel.app/ よろしければ、まず制作例だけでもご覧いただけますと幸いです。
A8: fav-space-for-conditioning-1bc86890e8 | B8: Fav space for Conditioning | C8: high | D8: 確認済み | E8: reviewed | F8: 送信済み | L8: =IF(AND(F8="送信済み",K8<>"",K8<=TODAY()),"要フォロー",IF(OR(F8="返信あり",F8="商談中",F8="見積提出"),"対応中","")) | P8: はじめまして、Web制作をしている鈴木と申します。Fav space for Conditioning様のサイトで、パーソナルトレーニングやピラティス、鍼灸・美容鍼、ジュニアアスリート向けトレーニングを拝見しました。現在のジムの雰囲気に合わせて、幅広いメニューがより伝わる形にWebサイトを整えることも可能です。デザインから実装、公開まで対応しています。 【サービスサイト・予約機能の制作例】 https://yuto-suzuki-0915-dev-lp-renai.vercel.app 【デザイン・LP制作例】 https://lp-dryer.vercel.app/ よろしければ、まず制作例だけでもご覧いただけますと幸いです。
A9: lead-ec3089528b | B9: ビジューピラティス 園田店 | C9: high | D9: 確認済み | E9: reviewed | F9: 送信済み | L9: =IF(AND(F9="送信済み",K9<>"",K9<=TODAY()),"要フォロー",IF(OR(F9="返信あり",F9="商談中",F9="見積提出"),"対応中","")) | P9: はじめまして、Web制作をしている鈴木と申します。ビジューピラティス 園田店様のホットペッパービューティー掲載で、女性専用・個室のパーソナルピラティスとして各種マシンを備えていることを拝見しました。現在の予約サービスの掲載を活かしながら、レッスン内容や店舗情報をまとめた公式サイトの制作も可能です。デザインから実装、公開まで対応しています。 【サービスサイト・予約機能の制作例】 https://yuto-suzuki-0915-dev-lp-renai.vercel.app 【デザイン・LP制作例】 https://lp-dryer.vercel.app/ よろしければ、まず制作例だけでもご覧いただけますと幸いです。
A10: pilates-iu-84f0e92705 | B10: Pilates iU 尼崎塚口店 | C10: medium | D10: 確認済み | E10: reviewed | F10: 送信済み | L10: =IF(AND(F10="送信済み",K10<>"",K10<=TODAY()),"要フォロー",IF(OR(F10="返信あり",F10="商談中",F10="見積提出"),"対応中","")) | P10: はじめまして、Web制作をしている鈴木と申します。Pilates iU様のサイトで、女性限定で姿勢のクセに合わせた完全マンツーマンの個室ピラティスを提供されていることを拝見しました。現在のスタジオの雰囲気に合わせて、レッスンの特徴がより伝わる形にWebサイトを整えることも可能です。デザインから実装、公開まで対応しています。 【サービスサイト・予約機能の制作例】 https://yuto-suzuki-0915-dev-lp-renai.vercel.app 【デザイン・LP制作例】 https://lp-dryer.vercel.app/ よろしければ、まず制作例だけでもご覧いただけますと幸いです。
A11: pilates-kasane-1d8ee0a09e | B11: Pilates KASANE 尼崎店 | C11: medium | D11: 確認済み | E11: reviewed | F11: 送信済み | L11: =IF(AND(F11="送信済み",K11<>"",K11<=TODAY()),"要フォロー",IF(OR(F11="返信あり",F11="商談中",F11="見積提出"),"対応中","")) | P11: はじめまして、Web制作をしている鈴木と申します。Pilates KASANE様のサイトで、4名からの少人数制クラスで背骨から身体を整えるレッスンを提供されていることを拝見しました。現在のスタジオの雰囲気に合わせて、レッスンの特徴がより伝わる形にWebサイトを整えることも可能です。デザインから実装、公開まで対応しています。 【サービスサイト・予約機能の制作例】 https://yuto-suzuki-0915-dev-lp-renai.vercel.app 【デザイン・LP制作例】 https://lp-dryer.vercel.app/ よろしければ、まず制作例だけでもご覧いただけますと幸いです。
A12: lead-1c3790a9aa | B12: ピラティスアヴニール 尼崎武庫之荘店 | C12: medium | D12: 確認済み | E12: reviewed | F12: 送信済み | L12: =IF(AND(F12="送信済み",K12<>"",K12<=TODAY()),"要フォロー",IF(OR(F12="返信あり",F12="商談中",F12="見積提出"),"対応中","")) | P12: はじめまして、Web制作をしている鈴木と申します。ピラティスアヴニール尼崎武庫之荘店様のページで、駅北口から徒歩2分の完全個室スタジオにマシンを備えていることを拝見しました。現在の店舗の雰囲気に合わせて、スタジオの特徴がより伝わる形にWebサイトを整えることも可能です。デザインから実装、公開まで対応しています。 【サービスサイト・予約機能の制作例】 https://yuto-suzuki-0915-dev-lp-renai.vercel.app 【デザイン・LP制作例】 https://lp-dryer.vercel.app/ よろしければ、まず制作例だけでもご覧いただけますと幸いです。
A13: pilates-synergy-c0df6650c7 | B13: Pilates Synergy 武庫之荘スタジオ | C13: medium | D13: 確認済み | E13: reviewed | F13: 送信済み | L13: =IF(AND(F13="送信済み",K13<>"",K13<=TODAY()),"要フォロー",IF(OR(F13="返信あり",F13="商談中",F13="見積提出"),"対応中","")) | P13: はじめまして、Web制作をしている鈴木と申します。Pilates Synergy武庫之荘スタジオ様の店舗ページで、あらき接骨院内で体験レッスンやパーソナルレッスンを提供されていることを拝見しました。現在のスタジオの雰囲気に合わせて、レッスン内容や店舗情報がより伝わる形にWebサイトを整えることも可能です。デザインから実装、公開まで対応しています。 【サービスサイト・予約機能の制作例】 https://yuto-suzuki-0915-dev-lp-renai.vercel.app 【デザイン・LP制作例】 https://lp-dryer.vercel.app/ よろしければ、まず制作例だけでもご覧いただけますと幸いです。
A14: synergym-e75064236c | B14: SynerGym 塚口本店 | C14: medium | D14: 確認済み | E14: reviewed | F14: 送信済み | L14: =IF(AND(F14="送信済み",K14<>"",K14<=TODAY()),"要フォロー",IF(OR(F14="返信あり",F14="商談中",F14="見積提出"),"対応中","")) | P14: はじめまして、Web制作をしている鈴木と申します。SynerGym塚口本店様のサイトで、24時間フィットネス会員向けに全5回の無料初心者ガイダンスを行っておられることを拝見しました。現在のジムの雰囲気に合わせて、ガイダンスやサービスの内容がより伝わる形にWebサイトを整えることも可能です。デザインから実装、公開まで対応しています。 【サービスサイト・予約機能の制作例】 https://yuto-suzuki-0915-dev-lp-renai.vercel.app 【デザイン・LP制作例】 https://lp-dryer.vercel.app/ よろしければ、まず制作例だけでもご覧いただけますと幸いです。
A15: refrelagy-df0c2a3cbd | B15: Refrelagy（リフリラジー） | C15: medium | D15: 確認済み | E15: reviewed | F15: 送信済み | L15: =IF(AND(F15="送信済み",K15<>"",K15<=TODAY()),"要フォロー",IF(OR(F15="返信あり",F15="商談中",F15="見積提出"),"対応中","")) | P15: はじめまして、Web制作をしている鈴木と申します。Refrelagy様のサイトで、マットピラティスやリストラティブヨガ、遠赤外線ドームサウナのメニューを拝見しました。現在のスタジオの雰囲気に合わせて、メニューの内容がより伝わる形にWebサイトを整えることも可能です。デザインから実装、公開まで対応しています。 【サービスサイト・予約機能の制作例】 https://yuto-suzuki-0915-dev-lp-renai.vercel.app 【デザイン・LP制作例】 https://lp-dryer.vercel.app/ よろしければ、まず制作例だけでもご覧いただけますと幸いです。
A16: vital-maison-0c3206d069 | B16: VITAL MAISON ヴィタルメゾン武庫之荘 | C16: medium | D16: 確認済み | E16: reviewed | F16: 送信済み | L16: =IF(AND(F16="送信済み",K16<>"",K16<=TODAY()),"要フォロー",IF(OR(F16="返信あり",F16="商談中",F16="見積提出"),"対応中","")) | P16: はじめまして、Web制作をしている鈴木と申します。VITAL MAISON武庫之荘様のサイトで、ダイエットや姿勢改善に向けたパーソナルマシンピラティスを拝見しました。現在のスタジオの雰囲気に合わせて、レッスンの特徴がより伝わる形にWebサイトを整えることも可能です。デザインから実装、公開まで対応しています。 【サービスサイト・予約機能の制作例】 https://yuto-suzuki-0915-dev-lp-renai.vercel.app 【デザイン・LP制作例】 https://lp-dryer.vercel.app/ よろしければ、まず制作例だけでもご覧いただけますと幸いです。
... A45: jr-0f2cbfa1a7 | B45: スタジオ ヨガピス JR塚口 | C45: low | D45: 確認済み | E45: reviewed | F45: 送信不可 | L45: =IF(AND(F45="送信済み",K45<>"",K45<=TODAY()),"要フォロー",IF(OR(F45="返信あり",F45="商談中",F45="見積提出"),"対応中","")) | P45: はじめまして、Web制作をしている鈴木と申します。スタジオ ヨガピス JR塚口様の公式サイトで、ビエラ塚口3Fの女性専用ホットスタジオとしてヨガとピラティスのレッスンを提供されていることを拝見しました。現在の店舗の雰囲気に合わせて、レッスン内容や設備がより伝わる形にWebサイトを整えることも可能です。デザインから実装、公開まで対応しています。 【サービスサイト・予約機能の制作例】 https://yuto-suzuki-0915-dev-lp-renai.vercel.app 【デザイン・LP制作例】 https://lp-dryer.vercel.app/ よろしければ、まず制作例だけでもご覧いただけますと幸いです。

Sheet ダッシュボード
A1: Web制作 営業管理ダッシュボード
A3: KPI | B3: 件数 | D3: 進捗 | E3: 件数
A4: 登録リード | B4: =COUNTA(営業管理!A5:A45) -> 41 | D4: 未送信 | E4: =COUNTIF(営業管理!F5:F45,"未送信") -> 0
A5: High優先度 | B5: =COUNTIF(営業管理!C5:C45,"high") -> 5 | D5: 送信済み | E5: =COUNTIF(営業管理!F5:F45,"送信済み") -> 25
A6: 未送信 | B6: =COUNTIF(営業管理!F5:F45,"未送信") -> 0 | D6: 返信あり | E6: =COUNTIF(営業管理!F5:F45,"返信あり") -> 0
A7: 送信済み | B7: =COUNTIF(営業管理!F5:F45,"送信済み") -> 25 | D7: 商談中 | E7: =COUNTIF(営業管理!F5:F45,"商談中") -> 0
A8: 返信あり | B8: =COUNTIF(営業管理!F5:F45,"返信あり") -> 0 | D8: 見積提出 | E8: =COUNTIF(営業管理!F5:F45,"見積提出") -> 0
A9: 要フォロー | B9: =COUNTIF(営業管理!L5:L45,"要フォロー") -> 0 | D9: 受注 | E9: =COUNTIF(営業管理!F5:F45,"受注") -> 0
D10: 見送り | E10: =COUNTIF(営業管理!F5:F45,"見送り") -> 0
D11: 送信不可 | E11: =COUNTIF(営業管理!F5:F45,"送信不可") -> 16

Sheet 使い方
A1: 営業管理台帳の使い方
A3: 手順 | B3: やること | D3: 進捗ステータス | E3: 意味
A4: 1 | B4: 営業管理シートを「優先度=high」「進捗ステータス=未送信」で絞る | D4: 未送信 | E4: まだ連絡していない
A5: 2 | B5: 実際にDM・メール・フォームを送ったら、進捗ステータスを「送信済み」に変更 | D5: 送信済み | E5: 初回メッセージ送信済み・返信待ち
A6: 3 | B6: 送信チャネル、初回送信日、送信先URL・宛先を記録 | D6: 返信あり | E6: 相手から何らかの返信あり
A7: 4 | B7: 返信が来たら「返信あり」に変更し、返信概要と次アクションを記録 | D7: 商談中 / 見積提出 | E7: 具体的な相談フェーズ
A8: 5 | B8: 追客する場合はフォロー予定日を入力。期日になると「要フォロー」と表示 | D8: 受注 / 見送り | E8: 営業結果が確定
A9: 6 | B9: 商談・見積・受注・見送りまで同じ行で更新して追跡
A10: 7 | B10: ダッシュボードで未送信・返信・フォロー件数を確認

Sheet 元データ
A1: lead_id | B1: 事業者名 | C1: 優先度 | D1: 元の送信先確認 | E1: 元の営業文状態 | F1: 営業文
A2: one-up-fbce262425 | B2: ピラティス&コンディショニングスタジオ ONE UP | C2: high | D2: 確認済み | E2: reviewed | F2: はじめまして、Web制作をしている鈴木と申します。ONE UP様のサイトで、マシンを使ったプライベートレッスンや少人数制のローラーピラティスを提供されていることを拝見しました。現在のスタジオの雰囲気に合わせて、レッスン内容がより伝わる形にWebサイトを整えることも可能です。デザインから実装、公開まで対応しています。 【サービスサイト・予約機能の制作例】 https://yuto-suzuki-0915-dev-lp-renai.vercel.app 【デザイン・LP制作例】 https://lp-dryer.vercel.app/ よろしければ、まず制作例だけでもご覧いただけますと幸いです。
A3: pilates-natural-rhythm-2808d6843b | B3: Pilates Natural Rhythm | C3: high | D3: 確認済み | E3: reviewed | F3: はじめまして、Web制作をしている鈴木と申します。Pilates Natural Rhythm様のサイトで、マンツーマンのプライベートセッションを提供されていることを拝見しました。現在のスタジオの雰囲気に合わせて、セッションの内容や流れがより伝わる形にWebサイトを整えることも可能です。デザインから実装、公開まで対応しています。 【サービスサイト・予約機能の制作例】 https://yuto-suzuki-0915-dev-lp-renai.vercel.app 【デザイン・LP制作例】 https://lp-dryer.vercel.app/ よろしければ、まず制作例だけでもご覧いただけますと幸いです。
A4: rebloom-beauty-salon-and-pil-501345b67d | B4: Rebloom BEAUTY SALON AND PILATES ROOM | C4: high | D4: 確認済み | E4: reviewed | F4: はじめまして、Web制作をしている鈴木と申します。Rebloom BEAUTY SALON AND PILATES ROOM様のホットペッパービューティー掲載で、フェイシャルエステとマシンピラティスを一つのサロンで提供されていることを拝見しました。現在の予約サービスの掲載を活かしながら、エステとピラティスのメニューをまとめた公式サイトの制作も可能です。デザインから実装、公開まで対応しています。 【サービスサイト・予約機能の制作例】 https://yuto-suzuki-0915-dev-lp-renai.vercel.app 【デザイン・LP制作例】 https://lp-dryer.vercel.app/ よろしければ、まず制作例だけでもご覧いただけますと幸いです。
A5: fav-space-for-conditioning-1bc86890e8 | B5: Fav space for Conditioning | C5: high | D5: 確認済み | E5: reviewed | F5: はじめまして、Web制作をしている鈴木と申します。Fav space for Conditioning様のサイトで、パーソナルトレーニングやピラティス、鍼灸・美容鍼、ジュニアアスリート向けトレーニングを拝見しました。現在のジムの雰囲気に合わせて、幅広いメニューがより伝わる形にWebサイトを整えることも可能です。デザインから実装、公開まで対応しています。 【サービスサイト・予約機能の制作例】 https://yuto-suzuki-0915-dev-lp-renai.vercel.app 【デザイン・LP制作例】 https://lp-dryer.vercel.app/ よろしければ、まず制作例だけでもご覧いただけますと幸いです。
A6: lead-ec3089528b | B6: ビジューピラティス 園田店 | C6: high | D6: 確認済み | E6: reviewed | F6: はじめまして、Web制作をしている鈴木と申します。ビジューピラティス 園田店様のホットペッパービューティー掲載で、女性専用・個室のパーソナルピラティスとして各種マシンを備えていることを拝見しました。現在の予約サービスの掲載を活かしながら、レッスン内容や店舗情報をまとめた公式サイトの制作も可能です。デザインから実装、公開まで対応しています。 【サービスサイト・予約機能の制作例】 https://yuto-suzuki-0915-dev-lp-renai.vercel.app 【デザイン・LP制作例】 https://lp-dryer.vercel.app/ よろしければ、まず制作例だけでもご覧いただけますと幸いです。
A7: pilates-iu-84f0e92705 | B7: Pilates iU 尼崎塚口店 | C7: medium | D7: 確認済み | E7: reviewed | F7: はじめまして、Web制作をしている鈴木と申します。Pilates iU様のサイトで、女性限定で姿勢のクセに合わせた完全マンツーマンの個室ピラティスを提供されていることを拝見しました。現在のスタジオの雰囲気に合わせて、レッスンの特徴がより伝わる形にWebサイトを整えることも可能です。デザインから実装、公開まで対応しています。 【サービスサイト・予約機能の制作例】 https://yuto-suzuki-0915-dev-lp-renai.vercel.app 【デザイン・LP制作例】 https://lp-dryer.vercel.app/ よろしければ、まず制作例だけでもご覧いただけますと幸いです。
A8: pilates-kasane-1d8ee0a09e | B8: Pilates KASANE 尼崎店 | C8: medium | D8: 確認済み | E8: reviewed | F8: はじめまして、Web制作をしている鈴木と申します。Pilates KASANE様のサイトで、4名からの少人数制クラスで背骨から身体を整えるレッスンを提供されていることを拝見しました。現在のスタジオの雰囲気に合わせて、レッスンの特徴がより伝わる形にWebサイトを整えることも可能です。デザインから実装、公開まで対応しています。 【サービスサイト・予約機能の制作例】 https://yuto-suzuki-0915-dev-lp-renai.vercel.app 【デザイン・LP制作例】 https://lp-dryer.vercel.app/ よろしければ、まず制作例だけでもご覧いただけますと幸いです。
A9: lead-1c3790a9aa | B9: ピラティスアヴニール 尼崎武庫之荘店 | C9: medium | D9: 確認済み | E9: reviewed | F9: はじめまして、Web制作をしている鈴木と申します。ピラティスアヴニール尼崎武庫之荘店様のページで、駅北口から徒歩2分の完全個室スタジオにマシンを備えていることを拝見しました。現在の店舗の雰囲気に合わせて、スタジオの特徴がより伝わる形にWebサイトを整えることも可能です。デザインから実装、公開まで対応しています。 【サービスサイト・予約機能の制作例】 https://yuto-suzuki-0915-dev-lp-renai.vercel.app 【デザイン・LP制作例】 https://lp-dryer.vercel.app/ よろしければ、まず制作例だけでもご覧いただけますと幸いです。
A10: pilates-synergy-c0df6650c7 | B10: Pilates Synergy 武庫之荘スタジオ | C10: medium | D10: 確認済み | E10: reviewed | F10: はじめまして、Web制作をしている鈴木と申します。Pilates Synergy武庫之荘スタジオ様の店舗ページで、あらき接骨院内で体験レッスンやパーソナルレッスンを提供されていることを拝見しました。現在のスタジオの雰囲気に合わせて、レッスン内容や店舗情報がより伝わる形にWebサイトを整えることも可能です。デザインから実装、公開まで対応しています。 【サービスサイト・予約機能の制作例】 https://yuto-suzuki-0915-dev-lp-renai.vercel.app 【デザイン・LP制作例】 https://lp-dryer.vercel.app/ よろしければ、まず制作例だけでもご覧いただけますと幸いです。
A11: synergym-e75064236c | B11: SynerGym 塚口本店 | C11: medium | D11: 確認済み | E11: reviewed | F11: はじめまして、Web制作をしている鈴木と申します。SynerGym塚口本店様のサイトで、24時間フィットネス会員向けに全5回の無料初心者ガイダンスを行っておられることを拝見しました。現在のジムの雰囲気に合わせて、ガイダンスやサービスの内容がより伝わる形にWebサイトを整えることも可能です。デザインから実装、公開まで対応しています。 【サービスサイト・予約機能の制作例】 https://yuto-suzuki-0915-dev-lp-renai.vercel.app 【デザイン・LP制作例】 https://lp-dryer.vercel.app/ よろしければ、まず制作例だけでもご覧いただけますと幸いです。
A12: refrelagy-df0c2a3cbd | B12: Refrelagy（リフリラジー） | C12: medium | D12: 確認済み | E12: reviewed | F12: はじめまして、Web制作をしている鈴木と申します。Refrelagy様のサイトで、マットピラティスやリストラティブヨガ、遠赤外線ドームサウナのメニューを拝見しました。現在のスタジオの雰囲気に合わせて、メニューの内容がより伝わる形にWebサイトを整えることも可能です。デザインから実装、公開まで対応しています。 【サービスサイト・予約機能の制作例】 https://yuto-suzuki-0915-dev-lp-renai.vercel.app 【デザイン・LP制作例】 https://lp-dryer.vercel.app/ よろしければ、まず制作例だけでもご覧いただけますと幸いです。
... A42: jr-0f2cbfa1a7 | B42: スタジオ ヨガピス JR塚口 | C42: low | D42: 確認済み | E42: reviewed | F42: はじめまして、Web制作をしている鈴木と申します。スタジオ ヨガピス JR塚口様の公式サイトで、ビエラ塚口3Fの女性専用ホットスタジオとしてヨガとピラティスのレッスンを提供されていることを拝見しました。現在の店舗の雰囲気に合わせて、レッスン内容や設備がより伝わる形にWebサイトを整えることも可能です。デザインから実装、公開まで対応しています。 【サービスサイト・予約機能の制作例】 https://yuto-suzuki-0915-dev-lp-renai.vercel.app 【デザイン・LP制作例】 https://lp-dryer.vercel.app/ よろしければ、まず制作例だけでもご覧いただけますと幸いです。
